id,first_name,last_name,email,address,address_number,floor
1,Maudie,Hulse,mhulse0@yahoo.com,Favierou,45,1
2,Iago,De'Ath,ideath1@wordpress.org,Ipirou,23,5
3,Billy,Feakins,bfeakins2@wordpress.org,Doiranis,97,5
4,Analise,Maides,amaides3@chron.com,Doiranis,9,5
5,Hildagard,Codner,hcodner4@usatoday.com,Kimothois,23,6
6,Maye,McWaters,mmcwaters5@toplist.cz,Kilkis,85,3
7,Alejandro,MacRory,amacrory6@senate.gov,Favierou,78,6
8,Emmery,Fidoe,efidoe7@skype.com,Aroi,78,4
9,Jackie,Stoyle,jstoyle8@example.com,Messologiou,34,5
10,Devin,Grace,dgrace9@domainmarket.com,Messologiou,45,3
11,Amy,Moogan,amoogana@princeton.edu,Aroi,89,2
12,Casi,Hanbury,chanburyb@studiopress.com,Messologiou,89,2
13,Damiano,Jessup,djessupc@ow.ly,Messologiou,45,6
14,Marsha,Bantick,mbantickd@mapquest.com,Kimothois,61,6
15,Branden,McKennan,bmckennane@liveinternet.ru,Doiranis,76,2
16,Kikelia,Robelow,krobelowf@1688.com,Kimothois,45,1
17,Gareth,Garrelts,ggarreltsg@jugem.jp,Favierou,89,6
18,Millisent,Monsey,mmonseyh@tamu.edu,Ipirou,31,1
19,Nicolas,Turri,nturrii@youku.com,Kilkis,52,5
20,Mohammed,Tertre,mtertrej@wp.com,Aroi,67,2
21,Helsa,Loomis,hloomisk@sphinn.com,Doiranis,90,2
22,Teodoor,Courtese,tcourtesel@yale.edu,Doiranis,34,1
23,Missy,Gewer,mgewerm@csmonitor.com,Doiranis,9,3
24,Raine,Brayshay,rbrayshayn@themeforest.net,Favierou,43,6
25,Stormie,d' Elboux,sdelbouxo@blogtalkradio.com,Aroi,45,3
26,Van,Thomson,vthomsonp@canalblog.com,Ipirou,94,4
27,Stacey,Puddefoot,spuddefootq@wikispaces.com,Messologiou,12,3
28,Clemens,Coles,ccolesr@archive.org,Korinthou,61,1
29,Dorian,Erdis,derdiss@nytimes.com,Messologiou,18,3
30,Janek,Shoute,jshoutet@sourceforge.net,Messologiou,43,6
31,Katerine,Alecock,kalecocku@wordpress.org,Doiranis,18,6
32,Collete,Kornyshev,ckornyshevv@ed.gov,Aroi,61,1
33,Jeannette,Hawtry,jhawtryw@people.com.cn,Kimothois,12,1
34,Skippy,Counter,scounterx@census.gov,Doiranis,12,5
35,Parry,Kincaid,pkincaidy@ow.ly,Favierou,67,3
36,Lynnea,Ottey,lotteyz@economist.com,Favierou,76,5
37,Nilson,Gleaves,ngleaves10@ftc.gov,Aroi,9,1
38,Ardeen,Menci,amenci11@go.com,Mezonos,23,4
39,Henri,Hafford,hhafford12@imdb.com,Messologiou,52,6
40,Gweneth,Maunders,gmaunders13@nba.com,Aroi,85,6
41,Leon,Salan,lsalan14@studiopress.com,Kilkis,56,6
42,Cullan,Hardwich,chardwich15@people.com.cn,Ipirou,90,1
43,Randal,Comoletti,rcomoletti16@networksolutions.com,Doiranis,85,4
44,Vern,Gentry,vgentry17@macromedia.com,Koumanioti,9,3
45,Bernadine,Swinglehurst,bswinglehurst18@auda.org.au,Aroi,45,3
46,Kerry,Hrinchenko,khrinchenko19@google.nl,Kimothois,56,4
47,Lizbeth,Umfrey,lumfrey1a@pcworld.com,Messologiou,23,5
48,Haskell,Stilgoe,hstilgoe1b@arstechnica.com,Favierou,76,4
49,Zorina,Seakin,zseakin1c@mac.com,Doiranis,12,4
50,Augustin,Paradyce,aparadyce1d@geocities.jp,Kilkis,97,4
51,Dewie,Nordass,dnordass1e@nature.com,Korinthou,61,5
52,Cosmo,Shelmardine,cshelmardine1f@geocities.jp,Favierou,9,4
53,Boniface,Willey,bwilley1g@comsenz.com,Korinthou,97,4
54,Traci,Praill,tpraill1h@issuu.com,Korinthou,34,1
55,Alma,Megarrell,amegarrell1i@cocolog-nifty.com,Messologiou,23,6
56,Julianna,Rudwell,jrudwell1j@mapy.cz,Koumanioti,67,6
57,Caty,Hindge,chindge1k@diigo.com,Koumanioti,52,6
58,Agace,Arstingall,aarstingall1l@sfgate.com,Aroi,85,1
59,Clevey,Petyanin,cpetyanin1m@people.com.cn,Koumanioti,45,1
60,Clarey,Butterworth,cbutterworth1n@illinois.edu,Mezonos,18,6
61,Jeniffer,Ditch,jditch1o@opera.com,Mezonos,64,4
62,Gonzalo,Cattemull,gcattemull1p@w3.org,Messologiou,18,2
63,Emera,Kittoe,ekittoe1q@miitbeian.gov.cn,Favierou,76,3
64,Wallis,Braysher,wbraysher1r@whitehouse.gov,Doiranis,9,3
65,Terencio,Taphouse,ttaphouse1s@facebook.com,Aroi,31,2
66,Eben,Hanscombe,ehanscombe1t@paypal.com,Ipirou,94,1
67,Bethanne,MacCaull,bmaccaull1u@hud.gov,Ipirou,89,3
68,Vincent,Norcott,vnorcott1v@sciencedirect.com,Ipirou,76,4
69,Artemas,Gemlett,agemlett1w@miibeian.gov.cn,Aroi,18,2
70,Othella,Dolligon,odolligon1x@irs.gov,Aroi,43,3
71,Pate,Elderidge,pelderidge1y@studiopress.com,Koumanioti,85,6
72,Beulah,Poetz,bpoetz1z@telegraph.co.uk,Mezonos,23,1
73,Dareen,Barabich,dbarabich20@nytimes.com,Ipirou,61,1
74,Sherline,Gley,sgley21@illinois.edu,Messologiou,97,3
75,Jere,Axelbey,jaxelbey22@acquirethisname.com,Korinthou,85,3
76,Meryl,Raisher,mraisher23@multiply.com,Messologiou,18,6
77,Theresina,Glowacha,tglowacha24@rambler.ru,Koumanioti,76,6
78,Barty,Bilbey,bbilbey25@google.de,Doiranis,31,6
79,Charmian,Rantoul,crantoul26@vinaora.com,Ipirou,9,3
80,Haleigh,Hakeworth,hhakeworth27@squarespace.com,Korinthou,61,3
81,Prent,Pierri,ppierri28@devhub.com,Aroi,12,3
82,Robby,Alvey,ralvey29@ucsd.edu,Kimothois,12,4
83,Lucho,Sellack,lsellack2a@networksolutions.com,Messologiou,64,5
84,Moyna,Antonoczyk,mantonoczyk2b@sohu.com,Mezonos,76,1
85,Timofei,Sarney,tsarney2c@bbb.org,Messologiou,56,4
86,Kaela,Barette,kbarette2d@slashdot.org,Messologiou,76,4
87,Swen,Eles,seles2e@joomla.org,Korinthou,34,2
88,Cornie,Danbi,cdanbi2f@pagesperso-orange.fr,Aroi,85,1
89,Stanislas,Gawthorpe,sgawthorpe2g@ox.ac.uk,Kimothois,76,2
90,Darwin,Ellingsworth,dellingsworth2h@mlb.com,Favierou,85,4
91,Kalli,Whittenbury,kwhittenbury2i@spiegel.de,Koumanioti,64,1
92,Sheilah,MacCallester,smaccallester2j@nih.gov,Kilkis,64,3
93,Roanne,Flavelle,rflavelle2k@clickbank.net,Korinthou,78,1
94,Cassaundra,Battlestone,cbattlestone2l@is.gd,Ipirou,52,6
95,Lothaire,Hylden,lhylden2m@jalbum.net,Kilkis,90,6
96,Truman,Purvey,tpurvey2n@netlog.com,Messologiou,31,1
97,Forester,Laverack,flaverack2o@alibaba.com,Korinthou,18,5
98,Meyer,Aulds,maulds2p@newsvine.com,Aroi,90,6
99,Kaycee,Pavier,kpavier2q@shareasale.com,Doiranis,78,3
100,Jakie,Cassey,jcassey2r@eepurl.com,Mezonos,89,1
101,Gabbey,Orvis,gorvis2s@thetimes.co.uk,Messologiou,45,2
102,Tyne,Purselowe,tpurselowe2t@webeden.co.uk,Kimothois,18,6
103,Corrie,Cubbino,ccubbino2u@trellian.com,Kimothois,89,6
104,Neile,Ball,nball2v@hugedomains.com,Korinthou,23,1
105,Nathanial,Benneyworth,nbenneyworth2w@noaa.gov,Messologiou,23,4
106,Gustie,Jelf,gjelf2x@google.de,Mezonos,12,5
107,Humbert,Putt,hputt2y@mlb.com,Kilkis,85,6
108,Stefanie,Greaves,sgreaves2z@ow.ly,Mezonos,67,5
109,Hayley,Clackers,hclackers30@constantcontact.com,Korinthou,45,6
110,Conan,McShirie,cmcshirie31@oracle.com,Kimothois,31,4
111,Parker,Duncombe,pduncombe32@wordpress.org,Messologiou,56,5
112,Chickie,Salkild,csalkild33@miitbeian.gov.cn,Doiranis,90,6
113,Jorge,Sommerfeld,jsommerfeld34@github.io,Kilkis,89,2
114,Anastasia,Feitosa,afeitosa35@dot.gov,Doiranis,85,2
115,Tallie,Bearham,tbearham36@abc.net.au,Mezonos,9,3
116,Chandal,Gordon,cgordon37@alexa.com,Mezonos,43,3
117,Eadmund,Varsey,evarsey38@4shared.com,Kilkis,31,4
118,Clarita,Boldecke,cboldecke39@nature.com,Favierou,31,6
119,Erl,Gavriel,egavriel3a@taobao.com,Aroi,90,5
120,Valentin,Lobley,vlobley3b@nbcnews.com,Doiranis,18,3
121,Louisette,Speake,lspeake3c@virginia.edu,Messologiou,94,1
122,Sharron,Fursland,sfursland3d@europa.eu,Kimothois,31,4
123,Quinton,Dresser,qdresser3e@themeforest.net,Aroi,89,2
124,Ealasaid,Skivington,eskivington3f@tinyurl.com,Koumanioti,23,1
125,Allister,Smoughton,asmoughton3g@gravatar.com,Mezonos,23,1
126,Meg,Sparshott,msparshott3h@gov.uk,Favierou,78,2
127,Caria,Fane,cfane3i@toplist.cz,Ipirou,85,2
128,Leonore,Crosthwaite,lcrosthwaite3j@scribd.com,Aroi,23,3
129,Daryl,Marsters,dmarsters3k@biglobe.ne.jp,Kimothois,61,3
130,Baudoin,Peepall,bpeepall3l@photobucket.com,Kimothois,56,6
131,Tracey,Jacobs,tjacobs3m@statcounter.com,Koumanioti,94,1
132,Blanca,Loyd,bloyd3n@tamu.edu,Messologiou,97,2
133,Chilton,Sephton,csephton3o@myspace.com,Aroi,90,5
134,Vita,Buche,vbuche3p@shareasale.com,Aroi,94,1
135,Irma,Folini,ifolini3q@themeforest.net,Kimothois,18,4
136,Ingeborg,Gwyneth,igwyneth3r@google.com.au,Messologiou,34,2
137,Alexis,Tregenna,atregenna3s@xinhuanet.com,Messologiou,31,4
138,Margaret,Abbyss,mabbyss3t@e-recht24.de,Kimothois,64,5
139,Holly,Cay,hcay3u@cnn.com,Ipirou,85,6
140,Linnet,Gummory,lgummory3v@baidu.com,Koumanioti,45,5
141,Carlene,Paramore,cparamore3w@cnbc.com,Aroi,23,1
142,Walther,Magauran,wmagauran3x@yelp.com,Mezonos,78,2
143,Sissie,Copestick,scopestick3y@tiny.cc,Messologiou,67,6
144,Carissa,Lubomirski,clubomirski3z@sitemeter.com,Favierou,18,4
145,Arly,Bayle,abayle40@hp.com,Korinthou,34,1
146,Lothario,Riccardo,lriccardo41@bloglovin.com,Favierou,64,3
147,Nicol,Klimentyev,nklimentyev42@lycos.com,Kimothois,90,2
148,Sara,Kempton,skempton43@ovh.net,Koumanioti,9,3
149,Addy,Sudron,asudron44@wikia.com,Korinthou,43,3
150,Caddric,Knox,cknox45@a8.net,Favierou,85,3
151,Lindsy,Colt,lcolt46@utexas.edu,Favierou,56,4
152,Rubina,Waldock,rwaldock47@blogtalkradio.com,Messologiou,61,6
153,Raffaello,Jeandin,rjeandin48@sogou.com,Aroi,23,5
154,Alys,Goulborne,agoulborne49@tripadvisor.com,Koumanioti,85,5
155,Odetta,Matz,omatz4a@twitpic.com,Doiranis,9,5
156,Stanfield,Bearfoot,sbearfoot4b@wikispaces.com,Korinthou,31,1
157,Caspar,Balnaves,cbalnaves4c@lycos.com,Ipirou,94,5
158,Samuele,Seers,sseers4d@wikia.com,Kimothois,56,4
159,Nell,O'Collopy,nocollopy4e@stanford.edu,Kimothois,9,6
160,Cherilynn,Geeson,cgeeson4f@gizmodo.com,Kilkis,43,1
161,Bernardina,Peterson,bpeterson4g@ucla.edu,Kilkis,56,3
162,Petronille,Steaning,psteaning4h@sun.com,Kimothois,64,4
163,Silva,Noyce,snoyce4i@yolasite.com,Korinthou,18,1
164,Min,Gamble,mgamble4j@ucla.edu,Favierou,43,6
165,Meier,Clough,mclough4k@quantcast.com,Mezonos,23,5
166,Lisha,Maplethorp,lmaplethorp4l@unc.edu,Messologiou,61,1
167,Annemarie,Del Dello,adeldello4m@senate.gov,Kimothois,45,2
168,Marja,Wyndham,mwyndham4n@ftc.gov,Ipirou,94,4
169,Verla,Dumphries,vdumphries4o@networksolutions.com,Doiranis,64,3
170,Henrieta,Leverentz,hleverentz4p@vinaora.com,Messologiou,78,4
171,Perrine,McClune,pmcclune4q@xinhuanet.com,Koumanioti,12,3
172,Jaime,Abrahamoff,jabrahamoff4r@sfgate.com,Messologiou,67,6
173,Riordan,Walkling,rwalkling4s@google.com.hk,Mezonos,89,6
174,Katha,Blakeston,kblakeston4t@jugem.jp,Kimothois,90,3
175,Eadmund,Dunham,edunham4u@devhub.com,Favierou,52,3
176,Dona,Retchless,dretchless4v@reference.com,Ipirou,23,5
177,Mark,Ord,mord4w@tripod.com,Kimothois,34,3
178,Clarabelle,Rosenvasser,crosenvasser4x@europa.eu,Favierou,78,4
179,Kienan,Frissell,kfrissell4y@weather.com,Koumanioti,12,3
180,Maye,Beadman,mbeadman4z@liveinternet.ru,Kimothois,94,1
181,Maryl,Sharpley,msharpley50@lulu.com,Doiranis,94,4
182,Rikki,Alves,ralves51@mit.edu,Kilkis,9,6
183,Chloette,Gaynesford,cgaynesford52@posterous.com,Ipirou,85,6
184,Bernardine,Whellams,bwhellams53@ycombinator.com,Messologiou,78,2
185,Dario,Grahame,dgrahame54@dagondesign.com,Doiranis,90,4
186,Giana,Hugonnet,ghugonnet55@friendfeed.com,Favierou,67,3
187,Kirby,Pucknell,kpucknell56@va.gov,Kilkis,45,1
188,Vivyanne,Cay,vcay57@instagram.com,Doiranis,94,3
189,Johnathan,Blodget,jblodget58@networksolutions.com,Aroi,97,6
190,Bobbie,Cometto,bcometto59@wikimedia.org,Aroi,64,1
191,Sella,McPaik,smcpaik5a@usa.gov,Ipirou,97,4
192,Jennica,Clyde,jclyde5b@addtoany.com,Kilkis,31,2
193,Zoe,Fiske,zfiske5c@fda.gov,Kilkis,43,6
194,Archaimbaud,Cromar,acromar5d@moonfruit.com,Favierou,31,2
195,Isador,Coultish,icoultish5e@g.co,Ipirou,23,3
196,Collin,McGready,cmcgready5f@com.com,Favierou,18,2
197,Konstantin,Marklew,kmarklew5g@baidu.com,Messologiou,85,4
198,Dougie,Bauldry,dbauldry5h@chronoengine.com,Kilkis,12,1
199,Sharl,Worwood,sworwood5i@mapquest.com,Ipirou,12,6
200,Willie,Kerbey,wkerbey5j@a8.net,Aroi,78,5
201,Anselm,Harewood,aharewood5k@multiply.com,Kimothois,45,2
202,Kennan,Lounds,klounds5l@army.mil,Mezonos,76,3
203,Shelley,McNiff,smcniff5m@google.com.hk,Kilkis,78,2
204,Meade,Ludy,mludy5n@storify.com,Korinthou,9,1
205,Dominic,Greave,dgreave5o@list-manage.com,Messologiou,90,6
206,Shelley,Ackenson,sackenson5p@booking.com,Kilkis,34,1
207,Ted,Wilkinson,twilkinson5q@ucoz.com,Messologiou,94,5
208,Brock,Cinnamond,bcinnamond5r@imageshack.us,Messologiou,67,5
209,Christa,Matys,cmatys5s@last.fm,Messologiou,18,6
210,Phelia,Alliband,palliband5t@cocolog-nifty.com,Messologiou,90,3
211,Joey,Bernini,jbernini5u@fastcompany.com,Favierou,89,2
212,Uri,Davidman,udavidman5v@marriott.com,Messologiou,78,1
213,Carolann,Harral,charral5w@wired.com,Mezonos,56,1
214,Henri,Yeats,hyeats5x@loc.gov,Doiranis,34,5
215,Antonino,Greenhow,agreenhow5y@pagesperso-orange.fr,Doiranis,78,3
216,Mario,Fripps,mfripps5z@google.pl,Kilkis,9,6
217,Mellisa,Yearby,myearby60@github.io,Ipirou,94,1
218,Even,Pesik,epesik61@163.com,Doiranis,76,4
219,Ashley,Burdis,aburdis62@symantec.com,Koumanioti,31,3
220,Giffy,Pletts,gpletts63@blogs.com,Kimothois,64,2
221,Pearline,Entwisle,pentwisle64@pagesperso-orange.fr,Favierou,85,4
222,Jessie,Tilley,jtilley65@123-reg.co.uk,Messologiou,94,3
223,Isidore,Wyvill,iwyvill66@dell.com,Ipirou,97,1
224,Korry,Emons,kemons67@people.com.cn,Kimothois,76,3
225,Evered,Annott,eannott68@elegantthemes.com,Kimothois,85,4
226,Ibby,Thaw,ithaw69@github.io,Koumanioti,97,3
227,Zulema,Sturr,zsturr6a@fc2.com,Koumanioti,78,3
228,Marmaduke,Bendel,mbendel6b@blogtalkradio.com,Favierou,64,6
229,Shelby,Beckhouse,sbeckhouse6c@wired.com,Ipirou,76,6
230,Roseanne,Colyer,rcolyer6d@imgur.com,Koumanioti,94,1
231,Yelena,Ridgeway,yridgeway6e@gnu.org,Kimothois,12,3
232,Daune,Foulser,dfoulser6f@sfgate.com,Ipirou,67,4
233,Michell,Currin,mcurrin6g@comcast.net,Messologiou,78,5
234,Cornelia,Triebner,ctriebner6h@thetimes.co.uk,Favierou,45,4
235,Ly,Weddell,lweddell6i@ucsd.edu,Kilkis,43,1
236,Page,Springall,pspringall6j@mapquest.com,Mezonos,12,5
237,Nanci,Debill,ndebill6k@macromedia.com,Mezonos,89,5
238,Hyatt,Rintoul,hrintoul6l@google.nl,Messologiou,45,4
239,Gage,Stears,gstears6m@alibaba.com,Messologiou,85,4
240,Katherine,Barringer,kbarringer6n@globo.com,Kimothois,9,1
241,Gwennie,Yeeles,gyeeles6o@springer.com,Messologiou,64,3
242,Lisette,Hotton,lhotton6p@phoca.cz,Doiranis,89,4
243,Dario,Yeell,dyeell6q@usatoday.com,Koumanioti,67,2
244,Doti,Moodey,dmoodey6r@t-online.de,Kimothois,97,3
245,Lee,Clinning,lclinning6s@chicagotribune.com,Korinthou,67,6
246,Annabelle,Duckhouse,aduckhouse6t@auda.org.au,Doiranis,34,6
247,Letizia,Sainthill,lsainthill6u@answers.com,Messologiou,78,1
248,Hermann,Donativo,hdonativo6v@squarespace.com,Mezonos,76,5
249,Cate,Faloon,cfaloon6w@nytimes.com,Korinthou,89,6
250,Dosi,Shewen,dshewen6x@printfriendly.com,Korinthou,94,6
251,Morris,Girardey,mgirardey6y@blogspot.com,Koumanioti,9,1
252,Arney,Churchman,achurchman6z@joomla.org,Favierou,45,2
253,Silvio,Dickey,sdickey70@whitehouse.gov,Ipirou,85,2
254,Anastassia,Shillitto,ashillitto71@blogtalkradio.com,Doiranis,90,5
255,Hewet,Woolpert,hwoolpert72@slideshare.net,Messologiou,67,3
256,Charlean,Burds,cburds73@cargocollective.com,Messologiou,9,6
257,Ina,Gurney,igurney74@angelfire.com,Ipirou,18,1
258,Alleyn,Bussens,abussens75@ucoz.ru,Mezonos,52,6
259,Jelene,Littlekit,jlittlekit76@printfriendly.com,Aroi,94,1
260,Der,Siene,dsiene77@skyrock.com,Favierou,18,2
261,Billie,Fabb,bfabb78@dion.ne.jp,Favierou,94,4
262,Ricki,Clousley,rclousley79@amazonaws.com,Kimothois,18,4
263,Roxi,Cordall,rcordall7a@tamu.edu,Korinthou,85,2
264,Godfry,Kalvin,gkalvin7b@typepad.com,Favierou,89,5
265,Edgar,Spirit,espirit7c@psu.edu,Koumanioti,90,2
266,Jackson,Fells,jfells7d@redcross.org,Kilkis,56,6
267,Leeanne,Stuchbury,lstuchbury7e@state.gov,Kimothois,18,5
268,Aubrey,Gitthouse,agitthouse7f@kickstarter.com,Kimothois,67,1
269,Celisse,Hentzeler,chentzeler7g@addtoany.com,Kimothois,89,6
270,Stella,Buckles,sbuckles7h@ovh.net,Aroi,34,4
271,Alyce,Darrigrand,adarrigrand7i@businesswire.com,Doiranis,85,3
272,Truman,Kabisch,tkabisch7j@feedburner.com,Kimothois,12,3
273,Jonah,Leyshon,jleyshon7k@clickbank.net,Favierou,90,1
274,Meyer,Dabels,mdabels7l@gnu.org,Doiranis,9,2
275,Beckie,Shepland,bshepland7m@cam.ac.uk,Kilkis,97,4
276,Shayla,Rands,srands7n@bing.com,Mezonos,9,4
277,Taber,Waitland,twaitland7o@zimbio.com,Aroi,97,2
278,Bart,Liebrecht,bliebrecht7p@bloomberg.com,Doiranis,97,6
279,Sonia,Millmoe,smillmoe7q@dyndns.org,Mezonos,23,2
280,Gretel,O'Donnell,godonnell7r@google.ru,Korinthou,94,1
281,Layla,Muxworthy,lmuxworthy7s@delicious.com,Doiranis,67,2
282,Ninette,Dukesbury,ndukesbury7t@google.nl,Mezonos,56,3
283,Marc,Poveleye,mpoveleye7u@nbcnews.com,Aroi,67,6
284,Sebastian,Wardhaw,swardhaw7v@ocn.ne.jp,Doiranis,61,1
285,Traci,Corke,tcorke7w@friendfeed.com,Aroi,78,6
286,Tootsie,Aldgate,taldgate7x@123-reg.co.uk,Aroi,43,1
287,Maximilien,Greatbank,mgreatbank7y@icio.us,Kimothois,34,5
288,Ethe,Reuven,ereuven7z@cornell.edu,Ipirou,23,5
289,Kelci,Davenell,kdavenell80@msu.edu,Ipirou,56,1
290,Hilliard,Pepin,hpepin81@mac.com,Ipirou,56,4
291,Nicolai,D'Aeth,ndaeth82@dailymail.co.uk,Doiranis,9,2
292,Gladys,McCathie,gmccathie83@examiner.com,Kimothois,31,3
293,Hilliard,Boaler,hboaler84@earthlink.net,Messologiou,94,4
294,Mick,Moralee,mmoralee85@disqus.com,Kilkis,78,4
295,Hieronymus,Rowntree,hrowntree86@japanpost.jp,Messologiou,9,4
296,Inge,Schultes,ischultes87@nps.gov,Koumanioti,23,3
297,Clovis,Garralts,cgarralts88@vk.com,Favierou,76,3
298,Nanny,Graine,ngraine89@adobe.com,Korinthou,85,3
299,Powell,Sackett,psackett8a@china.com.cn,Mezonos,45,3
300,Gerek,Gundrey,ggundrey8b@google.es,Ipirou,9,1
301,Giacomo,Reyburn,greyburn8c@topsy.com,Aroi,45,5
302,Asher,Keaysell,akeaysell8d@goodreads.com,Kilkis,64,6
303,Jenda,Crowth,jcrowth8e@vkontakte.ru,Messologiou,61,4
304,Fanny,Huckster,fhuckster8f@usda.gov,Aroi,18,2
305,Greer,Dobkin,gdobkin8g@shinystat.com,Ipirou,78,5
306,Thorin,Nitti,tnitti8h@hibu.com,Favierou,12,3
307,Conway,Trowl,ctrowl8i@nature.com,Kilkis,23,5
308,Anders,Edwinson,aedwinson8j@berkeley.edu,Doiranis,64,5
309,Dixie,Eagles,deagles8k@usgs.gov,Kimothois,61,6
310,Brittney,Mingo,bmingo8l@biglobe.ne.jp,Doiranis,23,4
311,Collen,Bloomfield,cbloomfield8m@whitehouse.gov,Aroi,12,4
312,Ulrikaumeko,Sarre,usarre8n@ted.com,Mezonos,85,2
313,Ainslee,Raccio,araccio8o@buzzfeed.com,Favierou,78,3
314,Herold,Fashion,hfashion8p@shareasale.com,Mezonos,61,1
315,Nefen,O'Corrane,nocorrane8q@merriam-webster.com,Messologiou,52,1
316,Alfie,Clemmitt,aclemmitt8r@wunderground.com,Korinthou,67,5
317,Penni,Izhak,pizhak8s@pcworld.com,Ipirou,89,1
318,Devlin,Derisley,dderisley8t@foxnews.com,Kimothois,97,3
319,Carny,Rowberry,crowberry8u@ftc.gov,Aroi,31,4
320,Tobye,Shimwell,tshimwell8v@baidu.com,Mezonos,67,4
321,Velma,Schirok,vschirok8w@google.co.jp,Korinthou,43,6
322,Bessie,Peddie,bpeddie8x@seattletimes.com,Aroi,67,3
323,Jock,Sale,jsale8y@blogger.com,Messologiou,43,1
324,Auroora,Chalcroft,achalcroft8z@privacy.gov.au,Koumanioti,34,3
325,Aymer,Spurier,aspurier90@ask.com,Messologiou,64,3
326,Elene,Shimwall,eshimwall91@reverbnation.com,Kilkis,34,4
327,Geoff,St. Aubyn,gstaubyn92@angelfire.com,Mezonos,45,2
328,Judye,Bartzen,jbartzen93@ezinearticles.com,Kilkis,76,2
329,Vite,Ryburn,vryburn94@google.it,Koumanioti,61,3
330,Colette,Schistl,cschistl95@ucsd.edu,Korinthou,12,4
331,Darlleen,Tingley,dtingley96@gmpg.org,Koumanioti,56,6
332,Stavro,VanBrugh,svanbrugh97@techcrunch.com,Kilkis,67,4
333,Edouard,Nodes,enodes98@vkontakte.ru,Aroi,9,5
334,Regan,Scoble,rscoble99@narod.ru,Kilkis,78,2
335,Amelina,Proudlock,aproudlock9a@desdev.cn,Kimothois,76,4
336,Sara-ann,Philcott,sphilcott9b@about.me,Aroi,9,3
337,Delilah,Geere,dgeere9c@uol.com.br,Doiranis,97,2
338,Ozzie,Mowsley,omowsley9d@ustream.tv,Aroi,45,2
339,Vasilis,Heasley,vheasley9e@skyrock.com,Ipirou,94,4
340,Mordecai,Stodit,mstodit9f@google.ca,Doiranis,45,1
341,Marin,Cosely,mcosely9g@bing.com,Kimothois,18,4
342,Matthias,Antoniat,mantoniat9h@bloglines.com,Kilkis,90,2
343,Betsy,Nowill,bnowill9i@example.com,Kimothois,31,4
344,Jamil,MacRinn,jmacrinn9j@sun.com,Korinthou,18,5
345,Adolphe,Zavattiero,azavattiero9k@yolasite.com,Ipirou,34,2
346,Darice,Rumble,drumble9l@addthis.com,Koumanioti,34,6
347,Clementia,Liley,cliley9m@go.com,Doiranis,9,5
348,Victoir,Karpets,vkarpets9n@bizjournals.com,Koumanioti,76,4
349,Henrik,Timbrell,htimbrell9o@washington.edu,Koumanioti,45,3
350,Karena,Bazely,kbazely9p@cafepress.com,Doiranis,89,1
351,Lorraine,Denkel,ldenkel9q@360.cn,Favierou,78,3
352,Phyllis,Reditt,preditt9r@seesaa.net,Aroi,23,1
353,Jasmine,Billborough,jbillborough9s@mashable.com,Favierou,76,5
354,Modestine,Anthoin,manthoin9t@about.me,Korinthou,31,2
355,Geordie,Ivain,givain9u@purevolume.com,Kimothois,12,4
356,Roma,Birdsey,rbirdsey9v@stanford.edu,Kimothois,34,6
357,Hubert,Easman,heasman9w@gnu.org,Mezonos,31,6
358,Trever,Meale,tmeale9x@cam.ac.uk,Doiranis,9,6
359,Ginni,O' Bee,gobee9y@ifeng.com,Doiranis,43,6
360,Arlen,Hanshaw,ahanshaw9z@flickr.com,Aroi,94,1
361,Kelsi,Jobb,kjobba0@aol.com,Kilkis,97,1
362,Allyn,McLauchlin,amclauchlina1@springer.com,Kilkis,90,6
363,Marcy,Balthasar,mbalthasara2@chronoengine.com,Messologiou,34,4
364,Moreen,Wyleman,mwylemana3@java.com,Messologiou,43,4
365,Codee,Lorain,cloraina4@hatena.ne.jp,Kimothois,61,4
366,Redd,Bosquet,rbosqueta5@w3.org,Doiranis,12,5
367,Eduardo,Deaconson,edeaconsona6@1688.com,Doiranis,94,6
368,Alix,Mackett,amacketta7@microsoft.com,Favierou,85,2
369,Ingaberg,Lowdham,ilowdhama8@dailymail.co.uk,Kimothois,52,6
370,Mauricio,Javes,mjavesa9@sitemeter.com,Korinthou,45,3
371,Crista,Oldknowe,coldknoweaa@yandex.ru,Aroi,89,5
372,Kore,Aizlewood,kaizlewoodab@wsj.com,Messologiou,94,4
373,Oralia,Schukraft,oschukraftac@vimeo.com,Kilkis,31,1
374,Joan,Royden,jroydenad@i2i.jp,Doiranis,34,6
375,Reiko,Girardin,rgirardinae@uiuc.edu,Mezonos,67,3
376,Hannis,Kidson,hkidsonaf@japanpost.jp,Kilkis,64,2
377,Corrie,Colcutt,ccolcuttag@slashdot.org,Favierou,18,4
378,Lester,Francom,lfrancomah@arstechnica.com,Ipirou,45,4
379,Selena,Paydon,spaydonai@vk.com,Koumanioti,89,1
380,Carmel,Frain,cfrainaj@amazon.co.jp,Koumanioti,23,1
381,Conan,Dominicacci,cdominicacciak@exblog.jp,Messologiou,56,6
382,Evie,Grubbe,egrubbeal@statcounter.com,Mezonos,23,5
383,Muire,Ottawell,mottawellam@ox.ac.uk,Mezonos,89,3
384,Cynde,Twelvetree,ctwelvetreean@indiatimes.com,Mezonos,23,1
385,Laney,Philpotts,lphilpottsao@nytimes.com,Koumanioti,76,1
386,Lizette,Birtchnell,lbirtchnellap@loc.gov,Favierou,94,6
387,Miquela,Tinman,mtinmanaq@ucoz.com,Mezonos,90,4
388,Isidro,Leys,ileysar@thetimes.co.uk,Favierou,52,2
389,Abbye,Leyninye,aleyninyeas@hexun.com,Doiranis,43,4
390,Caitlin,Abbets,cabbetsat@wordpress.com,Messologiou,76,1
391,Marianne,Langan,mlanganau@prnewswire.com,Kilkis,34,5
392,Alon,Crann,acrannav@myspace.com,Kilkis,23,2
393,Renaud,Garside,rgarsideaw@virginia.edu,Koumanioti,45,6
394,Bax,Byron,bbyronax@barnesandnoble.com,Favierou,18,1
395,Abigale,Izat,aizatay@elpais.com,Ipirou,90,6
396,Farrell,Pickring,fpickringaz@hao123.com,Aroi,56,5
397,Cthrine,Venus,cvenusb0@studiopress.com,Ipirou,12,3
398,Matt,Ghiraldi,mghiraldib1@cocolog-nifty.com,Mezonos,89,4
399,Raymund,Woodhead,rwoodheadb2@bbb.org,Messologiou,85,1
400,Paulo,Sissens,psissensb3@illinois.edu,Koumanioti,61,4
401,Jackquelin,Goundry,jgoundryb4@blogtalkradio.com,Kilkis,85,2
402,Cam,Potell,cpotellb5@g.co,Favierou,34,2
403,Consalve,Curreen,ccurreenb6@jalbum.net,Ipirou,9,4
404,Addia,Sheavills,asheavillsb7@cbslocal.com,Mezonos,61,6
405,Benedetta,Wrigley,bwrigleyb8@google.cn,Kilkis,64,2
406,Sena,Temblett,stemblettb9@canalblog.com,Messologiou,64,5
407,Sim,Blaxlande,sblaxlandeba@wired.com,Kilkis,9,5
408,Cirillo,McCrillis,cmccrillisbb@clickbank.net,Koumanioti,61,3
409,Trisha,Gorgl,tgorglbc@360.cn,Kilkis,43,4
410,Lester,Foskew,lfoskewbd@cpanel.net,Ipirou,90,6
411,Raychel,Lummasana,rlummasanabe@cpanel.net,Kimothois,61,4
412,Mikel,Assel,masselbf@free.fr,Messologiou,90,3
413,Jocelin,Banker,jbankerbg@ovh.net,Ipirou,85,5
414,Redd,Slowan,rslowanbh@blogs.com,Korinthou,18,6
415,Sterne,Foukx,sfoukxbi@ovh.net,Kimothois,94,1
416,Nanette,Spickett,nspickettbj@sourceforge.net,Ipirou,76,3
417,Koren,Pontain,kpontainbk@adobe.com,Messologiou,85,6
418,Brigitte,Laxston,blaxstonbl@dailymail.co.uk,Korinthou,34,4
419,Wallis,Mattusov,wmattusovbm@guardian.co.uk,Ipirou,34,1
420,Cecile,Devinn,cdevinnbn@ustream.tv,Kimothois,52,5
421,Judye,Vassel,jvasselbo@nature.com,Kimothois,45,3
422,Sax,Yancey,syanceybp@bandcamp.com,Kimothois,34,6
423,Clemmie,Nice,cnicebq@intel.com,Doiranis,12,5
424,Normie,Wewell,nwewellbr@ucsd.edu,Aroi,12,2
425,Almira,Kassidy,akassidybs@state.gov,Favierou,89,3
426,Skip,Reach,sreachbt@businessinsider.com,Favierou,34,1
427,Erica,Killelay,ekillelaybu@wikipedia.org,Kilkis,67,1
428,Julissa,Lye,jlyebv@ocn.ne.jp,Aroi,18,1
429,Dulcy,Cicchetto,dcicchettobw@miitbeian.gov.cn,Korinthou,9,5
430,Dene,Kestin,dkestinbx@php.net,Kilkis,52,4
431,Marlene,Baggallay,mbaggallayby@ycombinator.com,Mezonos,67,6
432,Kristal,Minithorpe,kminithorpebz@cornell.edu,Doiranis,23,6
433,Nat,Prosek,nprosekc0@creativecommons.org,Kilkis,56,2
434,Anna-diane,Wilkenson,awilkensonc1@google.com,Mezonos,43,2
435,Carolin,Greenslade,cgreensladec2@bizjournals.com,Messologiou,12,1
436,Sal,Gapper,sgapperc3@bravesites.com,Doiranis,23,6
437,Jorrie,Burde,jburdec4@cdc.gov,Korinthou,90,1
438,Stanislaw,Butler,sbutlerc5@reference.com,Korinthou,18,5
439,Gracia,Dodd,gdoddc6@engadget.com,Mezonos,90,3
440,Kendricks,Deakan,kdeakanc7@mapquest.com,Aroi,31,5
441,Meryl,Lescop,mlescopc8@house.gov,Kimothois,18,2
442,Patten,Papaminas,ppapaminasc9@sina.com.cn,Koumanioti,97,5
443,Efrem,O'Lynn,eolynnca@sitemeter.com,Messologiou,56,3
444,Selie,Fodden,sfoddencb@dell.com,Kilkis,61,4
445,Loise,Silcock,lsilcockcc@ebay.co.uk,Messologiou,45,5
446,Frankie,Deex,fdeexcd@theguardian.com,Kimothois,56,6
447,Glenine,Nazareth,gnazarethce@earthlink.net,Messologiou,52,4
448,Venita,Ragate,vragatecf@skyrock.com,Korinthou,12,5
449,Elaine,Mixon,emixoncg@state.tx.us,Mezonos,12,2
450,Page,Skillern,pskillernch@ucla.edu,Kilkis,43,3
451,Brady,MacEntee,bmacenteeci@wordpress.org,Messologiou,76,2
452,Yancy,Morrallee,ymorralleecj@clickbank.net,Favierou,43,4
453,Ransell,Trotton,rtrottonck@hexun.com,Ipirou,89,3
454,Dianne,Gian,dgiancl@hatena.ne.jp,Korinthou,90,4
455,Tiffany,Huton,thutoncm@mac.com,Koumanioti,78,5
456,Seymour,Kidds,skiddscn@ustream.tv,Ipirou,34,4
457,Alanah,Darrell,adarrellco@cnbc.com,Favierou,52,5
458,Meredith,Collete,mcolletecp@pbs.org,Korinthou,43,5
459,Marsiella,Muggleston,mmugglestoncq@homestead.com,Favierou,78,3
460,Carroll,Heberden,cheberdencr@gizmodo.com,Korinthou,12,6
461,Merell,Gavrielly,mgavriellycs@linkedin.com,Kimothois,64,3
462,Rurik,Stoner,rstonerct@si.edu,Messologiou,97,1
463,Kariotta,MacNamee,kmacnameecu@disqus.com,Koumanioti,12,2
464,Cynthy,Isgate,cisgatecv@state.tx.us,Kilkis,18,4
465,Amandie,Deverell,adeverellcw@51.la,Kilkis,97,4
466,Portia,Adlam,padlamcx@wiley.com,Messologiou,67,3
467,Anestassia,Gostyke,agostykecy@so-net.ne.jp,Messologiou,61,1
468,Wylie,Nial,wnialcz@paypal.com,Mezonos,12,1
469,Tracy,Moens,tmoensd0@uol.com.br,Koumanioti,61,1
470,Ardath,Bruyet,abruyetd1@nih.gov,Doiranis,12,3
471,Shaylyn,Ferreo,sferreod2@baidu.com,Kilkis,18,2
472,Dominique,Kinton,dkintond3@disqus.com,Kimothois,18,5
473,Anjanette,Undrell,aundrelld4@unesco.org,Koumanioti,61,6
474,Anett,Allden,aalldend5@ox.ac.uk,Mezonos,67,4
475,Reynard,Broose,rbroosed6@opera.com,Korinthou,90,3
476,Lay,Maevela,lmaevelad7@paginegialle.it,Ipirou,34,4
477,Mart,MacWilliam,mmacwilliamd8@amazon.co.jp,Kilkis,61,6
478,Herby,Harkes,hharkesd9@harvard.edu,Kimothois,43,6
479,Lynda,Dudgeon,ldudgeonda@latimes.com,Doiranis,85,5
480,Karalynn,Crosswaite,kcrosswaitedb@ibm.com,Korinthou,34,4
481,Giselbert,Jupp,gjuppdc@tiny.cc,Aroi,56,1
482,Ethelyn,Cordero,ecorderodd@themeforest.net,Kimothois,85,1
483,Nester,McKeighen,nmckeighende@shutterfly.com,Messologiou,64,4
484,Bernette,Scotchbrook,bscotchbrookdf@example.com,Kilkis,90,3
485,Chrysler,Pryce,cprycedg@narod.ru,Mezonos,76,2
486,Shea,Halsall,shalsalldh@samsung.com,Mezonos,89,6
487,Fabian,Beavis,fbeavisdi@google.nl,Aroi,34,2
488,Annabela,Donahue,adonahuedj@artisteer.com,Favierou,89,3
489,Yuri,Wimbury,ywimburydk@yandex.ru,Favierou,34,3
490,Godard,Janny,gjannydl@nationalgeographic.com,Messologiou,85,3
491,Zach,Woolger,zwoolgerdm@intel.com,Kilkis,52,1
492,Isacco,Jarvie,ijarviedn@usda.gov,Messologiou,31,5
493,Rochette,Sartin,rsartindo@dyndns.org,Aroi,52,6
494,Aline,Solloway,asollowaydp@blog.com,Koumanioti,76,6
495,Shep,Corneil,scorneildq@yellowbook.com,Doiranis,64,3
496,Gregorio,Isakovic,gisakovicdr@ft.com,Kimothois,31,1
497,Inger,Pittway,ipittwayds@ow.ly,Koumanioti,12,1
498,Cameron,Skingle,cskingledt@timesonline.co.uk,Kimothois,67,2
499,Wadsworth,Seeks,wseeksdu@tinypic.com,Mezonos,67,6
500,Lura,Dimmick,ldimmickdv@msn.com,Mezonos,64,3
501,Saidee,Galia,sgaliadw@paginegialle.it,Doiranis,9,3
502,Allsun,Dary,adarydx@sbwire.com,Korinthou,23,6
503,Angelica,Miskin,amiskindy@barnesandnoble.com,Kimothois,18,4
504,Bea,Ferns,bfernsdz@sciencedirect.com,Kilkis,76,4
505,Vallie,Fearnall,vfearnalle0@reference.com,Doiranis,67,6
506,Patty,Childers,pchilderse1@seesaa.net,Koumanioti,64,2
507,Daveta,Gindghill,dgindghille2@ucla.edu,Kimothois,52,3
508,Neilla,Cloute,ncloutee3@seesaa.net,Kimothois,89,2
509,Sybille,Gobeaux,sgobeauxe4@creativecommons.org,Kilkis,97,1
510,Hilton,Nisuis,hnisuise5@alibaba.com,Korinthou,56,4
511,Jarad,Aikenhead,jaikenheade6@chron.com,Kilkis,34,3
512,Melicent,Grindall,mgrindalle7@wiley.com,Kimothois,89,4
513,Lonni,McSorley,lmcsorleye8@wiley.com,Kilkis,43,5
514,Corri,June,cjunee9@printfriendly.com,Aroi,23,5
515,Austin,Nend,anendea@wikia.com,Koumanioti,23,2
516,Elisha,Kirckman,ekirckmaneb@tinyurl.com,Ipirou,56,3
517,Weidar,Trebble,wtrebbleec@merriam-webster.com,Kimothois,12,5
518,Tarrance,Lantuff,tlantuffed@tamu.edu,Messologiou,90,2
519,Isacco,McDougle,imcdougleee@exblog.jp,Aroi,18,5
520,Yvonne,Clunie,yclunieef@addthis.com,Koumanioti,67,4
521,Shannon,Wennam,swennameg@go.com,Koumanioti,56,6
522,Jere,Vesque,jvesqueeh@delicious.com,Doiranis,45,2
523,Cos,Malley,cmalleyei@uol.com.br,Doiranis,89,2
524,Shelley,Swann,sswannej@ucla.edu,Aroi,89,1
525,Jo-anne,Domb,jdombek@simplemachines.org,Aroi,61,3
526,Lorita,Galvin,lgalvinel@google.de,Doiranis,89,4
527,Gavra,Croci,gcrociem@is.gd,Favierou,12,1
528,Devondra,Cutteridge,dcutteridgeen@youtube.com,Mezonos,52,1
529,Gilli,O'Daly,godalyeo@cisco.com,Doiranis,18,1
530,Bruce,Lownes,blownesep@storify.com,Aroi,90,1
531,Conney,Abrashkin,cabrashkineq@nydailynews.com,Doiranis,12,2
532,Lavena,MacCartney,lmaccartneyer@technorati.com,Kimothois,56,6
533,Anastasia,Ffrench,affrenches@de.vu,Kimothois,64,5
534,Jae,Bartholomieu,jbartholomieuet@hp.com,Messologiou,18,1
535,Phillipe,Ridulfo,pridulfoeu@admin.ch,Aroi,76,2
536,Jyoti,Mavin,jmavinev@cisco.com,Messologiou,52,1
537,Joseph,Burgoine,jburgoineew@jigsy.com,Doiranis,94,4
538,Bogart,Adame,badameex@hexun.com,Messologiou,85,6
539,Verina,Gloves,vglovesey@tamu.edu,Korinthou,61,3
540,Rycca,Tran,rtranez@amazon.co.uk,Aroi,31,3
541,Abigale,Zanini,azaninif0@usda.gov,Ipirou,9,1
542,Nicoline,Canellas,ncanellasf1@admin.ch,Messologiou,52,4
543,Drugi,Ridett,dridettf2@webmd.com,Kilkis,76,3
544,Eleonora,Wistance,ewistancef3@phpbb.com,Koumanioti,45,3
545,Ewell,Gauden,egaudenf4@networksolutions.com,Koumanioti,56,4
546,Marcello,Mugg,mmuggf5@soundcloud.com,Doiranis,52,3
547,Oliver,Humpage,ohumpagef6@4shared.com,Kilkis,52,4
548,Leland,Skivington,lskivingtonf7@flickr.com,Favierou,52,5
549,Tiertza,Stockley,tstockleyf8@globo.com,Kimothois,31,4
550,Fairfax,Wellsman,fwellsmanf9@miibeian.gov.cn,Ipirou,97,3
551,Burke,Cowie,bcowiefa@uiuc.edu,Koumanioti,43,3
552,Roldan,Killick,rkillickfb@linkedin.com,Mezonos,89,4
553,Wilt,Squeers,wsqueersfc@e-recht24.de,Messologiou,45,5
554,Phyllis,Worman,pwormanfd@soup.io,Kimothois,94,2
555,Kippy,Loidl,kloidlfe@wordpress.org,Messologiou,89,3
556,Jed,Aldcorne,jaldcorneff@blogspot.com,Kimothois,94,2
557,Cullen,Davern,cdavernfg@foxnews.com,Favierou,64,5
558,Ddene,Dulson,ddulsonfh@wufoo.com,Koumanioti,89,4
559,Coreen,Giovanni,cgiovannifi@soup.io,Doiranis,61,1
560,Hiram,Blackshaw,hblackshawfj@baidu.com,Aroi,45,1
561,Amalea,Trewartha,atrewarthafk@cnbc.com,Doiranis,18,5
562,Zedekiah,Beardwood,zbeardwoodfl@qq.com,Favierou,56,4
563,Reade,Deniske,rdeniskefm@cdbaby.com,Doiranis,34,4
564,Rachael,Dinsmore,rdinsmorefn@paypal.com,Messologiou,43,4
565,Corbie,McNish,cmcnishfo@guardian.co.uk,Mezonos,64,4
566,Cordie,Matoshin,cmatoshinfp@acquirethisname.com,Messologiou,94,2
567,Garik,MacIan,gmacianfq@examiner.com,Doiranis,64,1
568,Romola,Fiddy,rfiddyfr@si.edu,Favierou,67,4
569,Fritz,Milne,fmilnefs@redcross.org,Koumanioti,78,2
570,Robbie,Sainer,rsainerft@indiegogo.com,Ipirou,97,5
571,Lorelei,Haton,lhatonfu@princeton.edu,Ipirou,31,5
572,Frants,Allsobrook,fallsobrookfv@hhs.gov,Doiranis,31,6
573,Avram,Hasard,ahasardfw@lulu.com,Ipirou,64,5
574,Tatiania,Teissier,tteissierfx@facebook.com,Messologiou,31,1
575,Erda,Meegan,emeeganfy@google.co.jp,Koumanioti,76,4
576,Odette,Windham,owindhamfz@meetup.com,Mezonos,12,1
577,Janie,Vasilov,jvasilovg0@apache.org,Favierou,89,4
578,Sophie,Lindenblatt,slindenblattg1@fda.gov,Kilkis,85,6
579,Emalee,Alforde,ealfordeg2@over-blog.com,Doiranis,94,5
580,Cesar,Tellesson,ctellessong3@sitemeter.com,Aroi,34,3
581,Melessa,Tolcharde,mtolchardeg4@live.com,Kilkis,23,3
582,Harli,Slinn,hslinng5@slate.com,Aroi,43,3
583,Baldwin,Aronson,baronsong6@xing.com,Messologiou,9,5
584,Gustavus,Shand,gshandg7@economist.com,Kilkis,64,1
585,Giordano,Starsmeare,gstarsmeareg8@wordpress.org,Kimothois,76,6
586,Rogers,Guye,rguyeg9@archive.org,Koumanioti,97,3
587,Dev,Elcy,delcyga@whitehouse.gov,Aroi,97,6
588,Gillie,Shingles,gshinglesgb@stumbleupon.com,Aroi,76,2
589,Orelia,Tenant,otenantgc@parallels.com,Messologiou,12,4
590,Moses,Bon,mbongd@paypal.com,Doiranis,67,4
591,Martguerita,Gritsunov,mgritsunovge@naver.com,Mezonos,97,1
592,Siffre,Yeaman,syeamangf@youku.com,Doiranis,18,3
593,Mariann,Yakobowitch,myakobowitchgg@fc2.com,Korinthou,97,1
594,Ardisj,Grover,agrovergh@ifeng.com,Aroi,78,2
595,Paolina,Tinkham,ptinkhamgi@shutterfly.com,Koumanioti,85,2
596,Domini,Cromb,dcrombgj@deviantart.com,Aroi,52,5
597,Kitty,Kollaschek,kkollaschekgk@nba.com,Ipirou,89,3
598,Newton,MacCrosson,nmaccrossongl@odnoklassniki.ru,Mezonos,94,4
599,Gwynne,Bettenay,gbettenaygm@npr.org,Doiranis,52,6
600,Cecily,Lucken,cluckengn@miitbeian.gov.cn,Kimothois,9,5
601,Cristobal,Arrol,carrolgo@google.co.jp,Koumanioti,64,3
602,Garik,Riediger,griedigergp@mit.edu,Doiranis,90,1
603,Ailbert,Owenson,aowensongq@sbwire.com,Mezonos,64,3
604,Christiana,Babon,cbabongr@over-blog.com,Messologiou,76,2
605,Orbadiah,Leask,oleaskgs@godaddy.com,Doiranis,89,4
606,Willis,Jirka,wjirkagt@oakley.com,Korinthou,64,2
607,Roselle,Gilhouley,rgilhouleygu@un.org,Messologiou,61,6
608,Meggy,Laminman,mlaminmangv@umich.edu,Messologiou,43,4
609,Maria,McIlveen,mmcilveengw@github.com,Ipirou,85,4
610,Christy,Twigley,ctwigleygx@washingtonpost.com,Doiranis,94,6
611,Yetta,Monkeman,ymonkemangy@netscape.com,Doiranis,90,3
612,Melinde,Greenstock,mgreenstockgz@scientificamerican.com,Aroi,78,3
613,Stern,Keers,skeersh0@gravatar.com,Messologiou,94,2
614,Arleta,Ferrieroi,aferrieroih1@google.com.au,Ipirou,97,4
615,Tuck,Penchen,tpenchenh2@elegantthemes.com,Aroi,9,2
616,Tyrus,Bergeau,tbergeauh3@goo.ne.jp,Messologiou,56,3
617,Jerrie,Noddles,jnoddlesh4@rambler.ru,Favierou,90,6
618,Hakeem,Podbury,hpodburyh5@netlog.com,Korinthou,31,1
619,Dottie,Lawey,dlaweyh6@slate.com,Ipirou,9,3
620,Perceval,Loeber,ploeberh7@google.ca,Doiranis,61,6
621,Dirk,Kaindl,dkaindlh8@lycos.com,Mezonos,85,4
622,Phylis,Constanza,pconstanzah9@sciencedaily.com,Ipirou,78,4
623,Brena,Bonson,bbonsonha@nifty.com,Korinthou,67,4
624,Stanton,Buckthorpe,sbuckthorpehb@diigo.com,Kimothois,34,6
625,Flori,Kenforth,fkenforthhc@github.io,Favierou,64,4
626,Brynne,Tofanini,btofaninihd@si.edu,Koumanioti,9,6
627,Quintilla,Wilgar,qwilgarhe@sourceforge.net,Messologiou,18,6
628,Constantine,Skocroft,cskocrofthf@vistaprint.com,Favierou,45,2
629,Junia,Bute,jbutehg@google.com.hk,Ipirou,34,2
630,Killy,Main,kmainhh@ft.com,Korinthou,64,2
631,Aylmer,Boustead,abousteadhi@noaa.gov,Ipirou,94,1
632,Saidee,Gadsby,sgadsbyhj@jalbum.net,Korinthou,94,6
633,Tyrone,Hyams,thyamshk@github.com,Doiranis,52,1
634,Lannie,Gorelli,lgorellihl@photobucket.com,Mezonos,52,2
635,Elvyn,Whopples,ewhoppleshm@friendfeed.com,Doiranis,64,6
636,Darryl,De Coursey,ddecourseyhn@google.co.uk,Ipirou,56,4
637,Abbey,Earey,aeareyho@yolasite.com,Koumanioti,61,1
638,Chane,Tonn,ctonnhp@blog.com,Favierou,64,3
639,Waylan,Pascho,wpaschohq@eepurl.com,Kilkis,52,5
640,Lucine,Woof,lwoofhr@alibaba.com,Messologiou,85,3
641,Raffarty,McGee,rmcgeehs@typepad.com,Kilkis,76,3
642,Bunny,Yakuntzov,byakuntzovht@businessinsider.com,Koumanioti,78,6
643,Rahal,Charrington,rcharringtonhu@alibaba.com,Koumanioti,12,5
644,Fawn,Eslie,fesliehv@google.ru,Favierou,56,5
645,Enrika,Stoeckle,estoecklehw@yandex.ru,Koumanioti,89,1
646,Jamal,Alywin,jalywinhx@go.com,Ipirou,12,3
647,Antonia,Savage,asavagehy@whitehouse.gov,Favierou,67,4
648,Guss,Dilke,gdilkehz@1und1.de,Kimothois,97,2
649,Gypsy,Pampling,gpamplingi0@scribd.com,Korinthou,78,1
650,Abrahan,Krook,akrooki1@ucoz.ru,Messologiou,56,6
651,Teodorico,Blondell,tblondelli2@economist.com,Kilkis,76,4
652,Mikael,Wing,mwingi3@blogspot.com,Favierou,89,5
653,Christoforo,Godfery,cgodferyi4@flickr.com,Kimothois,34,3
654,Filippa,Newcomen,fnewcomeni5@vk.com,Kimothois,9,6
655,Chester,Castille,ccastillei6@va.gov,Ipirou,31,5
656,Lonee,Gabbatiss,lgabbatissi7@1und1.de,Kimothois,67,1
657,Ashley,Loynton,aloyntoni8@nytimes.com,Kimothois,61,2
658,Thatch,McGeown,tmcgeowni9@marketwatch.com,Ipirou,67,1
659,Gannie,Kelley,gkelleyia@tripod.com,Kimothois,23,3
660,Rahel,Dorn,rdornib@home.pl,Kimothois,34,4
661,Kristian,Arman,karmanic@walmart.com,Messologiou,78,1
662,Clayton,Lowre,clowreid@domainmarket.com,Aroi,52,1
663,Gypsy,Leonards,gleonardsie@state.gov,Favierou,45,4
664,Donni,Blowin,dblowinif@pinterest.com,Kimothois,89,1
665,Lelah,Trahear,ltrahearig@timesonline.co.uk,Doiranis,89,2
666,Rik,Derrick,rderrickih@cdbaby.com,Doiranis,56,1
667,Dari,Gyorgy,dgyorgyii@cloudflare.com,Koumanioti,85,4
668,Dario,Rosenbloom,drosenbloomij@cbc.ca,Doiranis,23,3
669,Hillary,Durran,hdurranik@tinyurl.com,Aroi,31,5
670,Edmund,Pereira,epereirail@nbcnews.com,Koumanioti,45,6
671,Crosby,Gruczka,cgruczkaim@shareasale.com,Korinthou,97,3
672,Camala,Skillman,cskillmanin@usa.gov,Kilkis,45,5
673,Lucienne,Conre,lconreio@fema.gov,Ipirou,12,3
674,Gisella,Correa,gcorreaip@seesaa.net,Kilkis,45,6
675,Jsandye,De Minico,jdeminicoiq@amazon.de,Korinthou,45,5
676,Karlik,Gotfrey,kgotfreyir@desdev.cn,Favierou,12,6
677,Petra,Bilam,pbilamis@networksolutions.com,Koumanioti,64,5
678,Eleonore,Bischoff,ebischoffit@mapy.cz,Ipirou,52,3
679,Ly,Holwell,lholwelliu@jiathis.com,Ipirou,45,6
680,Imogene,Semken,isemkeniv@thetimes.co.uk,Koumanioti,52,2
681,Thorstein,Duffus,tduffusiw@mozilla.org,Korinthou,85,2
682,Diane-marie,Fell,dfellix@reference.com,Kilkis,64,3
683,Sunny,Hendriksen,shendrikseniy@yelp.com,Aroi,18,1
684,Sim,Bloxsum,sbloxsumiz@va.gov,Messologiou,94,2
685,Kile,Gorman,kgormanj0@springer.com,Kimothois,9,6
686,Levon,Lauret,llauretj1@ovh.net,Kilkis,12,5
687,Rena,Bortolutti,rbortoluttij2@tripod.com,Kilkis,34,4
688,Theresita,Pattisson,tpattissonj3@usgs.gov,Korinthou,61,6
689,Iggy,Colebourne,icolebournej4@mac.com,Kilkis,94,5
690,Joete,Picott,jpicottj5@whitehouse.gov,Doiranis,94,3
691,Zorana,Luipold,zluipoldj6@icq.com,Aroi,23,3
692,Gonzales,Newark,gnewarkj7@princeton.edu,Koumanioti,90,6
693,Estrella,Worrell,eworrellj8@apple.com,Ipirou,31,4
694,Ambros,Kloss,aklossj9@vimeo.com,Mezonos,34,1
695,Ian,Klulik,iklulikja@tamu.edu,Koumanioti,56,3
696,Missy,L'Archer,mlarcherjb@irs.gov,Favierou,52,4
697,Nessa,Tiuit,ntiuitjc@list-manage.com,Koumanioti,64,3
698,Wyn,Milbourne,wmilbournejd@dion.ne.jp,Ipirou,45,4
699,Rockey,Haddy,rhaddyje@foxnews.com,Favierou,18,4
700,Yuma,Pellew,ypellewjf@cdbaby.com,Doiranis,45,1
701,Kariotta,Beamont,kbeamontjg@mail.ru,Koumanioti,9,3
702,Dewitt,Cleverley,dcleverleyjh@xrea.com,Favierou,94,5
703,Sonny,Servis,sservisji@tmall.com,Koumanioti,34,6
704,Clarance,Bothbie,cbothbiejj@nature.com,Favierou,12,2
705,Concettina,Shillito,cshillitojk@scribd.com,Korinthou,9,6
706,Patton,Worviell,pworvielljl@chronoengine.com,Koumanioti,34,3
707,Andria,Wisdom,awisdomjm@360.cn,Aroi,52,4
708,Leisha,Gabbot,lgabbotjn@prnewswire.com,Korinthou,23,3
709,Di,Schrei,dschreijo@npr.org,Kimothois,78,3
710,Cirilo,Pennino,cpenninojp@nasa.gov,Koumanioti,78,3
711,Carlye,Garretts,cgarrettsjq@flavors.me,Korinthou,97,4
712,Zaria,Georgelin,zgeorgelinjr@yandex.ru,Kimothois,85,2
713,Dona,Innes,dinnesjs@fda.gov,Kimothois,61,6
714,Cobby,Crellin,ccrellinjt@drupal.org,Kimothois,76,5
715,Daniel,Carratt,dcarrattju@wisc.edu,Kimothois,94,4
716,Denny,Marcoolyn,dmarcoolynjv@goo.gl,Mezonos,43,2
717,Mickie,Stollsteimer,mstollsteimerjw@buzzfeed.com,Favierou,34,3
718,Heinrik,Style,hstylejx@harvard.edu,Koumanioti,90,3
719,Frans,Robertz,frobertzjy@tamu.edu,Koumanioti,89,3
720,Swen,Nertney,snertneyjz@vkontakte.ru,Doiranis,76,6
721,Gerard,Pearcey,gpearceyk0@noaa.gov,Koumanioti,76,6
722,Teodoor,Sudy,tsudyk1@networkadvertising.org,Mezonos,97,6
723,Stefa,Kollas,skollask2@shareasale.com,Korinthou,89,1
724,Peadar,Autry,pautryk3@friendfeed.com,Korinthou,12,3
725,Mechelle,Scare,mscarek4@answers.com,Korinthou,67,3
726,Candide,Peiser,cpeiserk5@hubpages.com,Kimothois,64,6
727,Marcellus,Fishleigh,mfishleighk6@mtv.com,Messologiou,85,1
728,Katherine,Rontree,krontreek7@tmall.com,Doiranis,78,5
729,Kelsey,Benzie,kbenziek8@live.com,Mezonos,78,6
730,Bethanne,Montes,bmontesk9@delicious.com,Mezonos,85,6
731,Cleve,Hun,chunka@phpbb.com,Messologiou,52,3
732,Maud,Wainman,mwainmankb@sohu.com,Kimothois,97,3
733,Dacia,Costard,dcostardkc@freewebs.com,Doiranis,97,5
734,Zia,Anand,zanandkd@goodreads.com,Kilkis,78,5
735,Hana,Tebbitt,htebbittke@printfriendly.com,Korinthou,9,6
736,Rainer,Yetton,ryettonkf@freewebs.com,Aroi,67,2
737,Darrel,Schwandermann,dschwandermannkg@japanpost.jp,Mezonos,34,1
738,Katherine,McCandless,kmccandlesskh@wisc.edu,Mezonos,12,5
739,Hyacinthe,Bransgrove,hbransgroveki@simplemachines.org,Ipirou,45,6
740,Ines,Everit,ieveritkj@blogger.com,Kilkis,43,6
741,Cassy,Baddoe,cbaddoekk@marriott.com,Ipirou,85,3
742,Craggy,Foxley,cfoxleykl@edublogs.org,Kilkis,64,6
743,Artie,Izzatt,aizzattkm@histats.com,Kilkis,90,1
744,Madlin,Labon,mlabonkn@rakuten.co.jp,Doiranis,94,6
745,Tessa,Gilbert,tgilbertko@vinaora.com,Kimothois,90,5
746,Emmalynne,Sorsby,esorsbykp@chicagotribune.com,Doiranis,94,3
747,Lucilia,Thurstance,lthurstancekq@usatoday.com,Ipirou,9,6
748,Hillary,Murtell,hmurtellkr@technorati.com,Mezonos,56,6
749,Sella,Heighton,sheightonks@whitehouse.gov,Kilkis,78,5
750,Lillis,Tersay,ltersaykt@flickr.com,Kimothois,52,4
751,Porter,Gitsham,pgitshamku@ebay.co.uk,Korinthou,94,4
752,Lucias,Donhardt,ldonhardtkv@ucla.edu,Messologiou,89,5
753,Dena,Anning,danningkw@gizmodo.com,Kimothois,23,5
754,Camellia,Portam,cportamkx@census.gov,Messologiou,12,4
755,Tana,Jupp,tjuppky@dion.ne.jp,Doiranis,85,3
756,Marlyn,Huntingford,mhuntingfordkz@google.nl,Mezonos,94,3
757,Bartholomeus,Oxtarby,boxtarbyl0@cam.ac.uk,Kilkis,34,4
758,Errick,Henrys,ehenrysl1@nyu.edu,Favierou,31,5
759,Jacky,Baldrey,jbaldreyl2@xing.com,Kimothois,52,4
760,Guendolen,Gorke,ggorkel3@house.gov,Koumanioti,97,6
761,Pepi,Bitcheno,pbitchenol4@rambler.ru,Koumanioti,12,5
762,Kennan,Ofen,kofenl5@miibeian.gov.cn,Messologiou,64,1
763,Diena,Shobrook,dshobrookl6@nsw.gov.au,Ipirou,76,2
764,Maisie,Fortescue,mfortescuel7@odnoklassniki.ru,Ipirou,52,3
765,Elmer,Lovewell,elovewelll8@bizjournals.com,Doiranis,45,5
766,Fairlie,McPhillips,fmcphillipsl9@a8.net,Koumanioti,9,4
767,Clareta,Shankle,cshanklela@walmart.com,Aroi,90,5
768,Bendix,Purchon,bpurchonlb@blog.com,Kilkis,12,1
769,Chaunce,Hoggan,chogganlc@sitemeter.com,Mezonos,78,3
770,Kippie,Beavis,kbeavisld@so-net.ne.jp,Mezonos,9,5
771,Lyssa,Perris,lperrisle@goo.ne.jp,Messologiou,64,4
772,Valma,Ivashnyov,vivashnyovlf@abc.net.au,Doiranis,78,5
773,Reina,Yablsley,ryablsleylg@state.tx.us,Doiranis,94,4
774,Agna,Andersen,aandersenlh@loc.gov,Favierou,56,4
775,Nicky,Piniur,npiniurli@amazon.de,Koumanioti,67,6
776,Danni,Heisler,dheislerlj@webnode.com,Ipirou,56,2
777,Winnifred,Snar,wsnarlk@uol.com.br,Mezonos,89,2
778,Rossy,Manjin,rmanjinll@narod.ru,Ipirou,94,5
779,Leoine,Speachley,lspeachleylm@rediff.com,Ipirou,43,3
780,Gillie,Bourner,gbournerln@ycombinator.com,Ipirou,90,6
781,Ester,Basilio,ebasiliolo@furl.net,Kilkis,61,4
782,Kelby,Blunsom,kblunsomlp@wikipedia.org,Kimothois,31,4
783,Adrian,Lesly,aleslylq@auda.org.au,Korinthou,23,1
784,Meredith,Greggs,mgreggslr@google.cn,Mezonos,43,6
785,Stewart,Ellwand,sellwandls@quantcast.com,Ipirou,23,4
786,Kip,Gallifont,kgallifontlt@harvard.edu,Ipirou,52,5
787,Elwyn,Bampforth,ebampforthlu@dmoz.org,Mezonos,23,4
788,Nan,O'Neal,noneallv@marketwatch.com,Aroi,9,6
789,Rosalie,Wolffers,rwolfferslw@yellowbook.com,Doiranis,67,6
790,Jerrine,Petegrew,jpetegrewlx@google.com.hk,Ipirou,67,2
791,Eada,Tellenbrook,etellenbrookly@mashable.com,Kilkis,94,5
792,Hilliard,Filisov,hfilisovlz@mtv.com,Koumanioti,85,1
793,Vanya,Fibbens,vfibbensm0@hao123.com,Aroi,94,2
794,Traver,Gotts,tgottsm1@umich.edu,Aroi,52,5
795,Wilona,Grosvener,wgrosvenerm2@adobe.com,Aroi,97,4
796,Danyette,Charleston,dcharlestonm3@buzzfeed.com,Kilkis,18,4
797,Ofelia,Rickardes,orickardesm4@vimeo.com,Korinthou,34,4
798,Darnell,Triswell,dtriswellm5@xing.com,Kilkis,90,1
799,Sandi,Marking,smarkingm6@sun.com,Kilkis,78,2
800,Celisse,Strange,cstrangem7@unc.edu,Koumanioti,94,4
801,Matthias,Riseley,mriseleym8@amazon.co.jp,Korinthou,89,3
802,Amandie,Hearnshaw,ahearnshawm9@admin.ch,Mezonos,45,5
803,Venita,Gullifant,vgullifantma@soup.io,Koumanioti,67,2
804,Giorgio,Simoncello,gsimoncellomb@delicious.com,Messologiou,52,1
805,Cassy,Girodier,cgirodiermc@spotify.com,Favierou,94,4
806,Frannie,Footitt,ffootittmd@addthis.com,Kimothois,94,5
807,Hilario,Baalham,hbaalhamme@google.com,Korinthou,12,2
808,Sybyl,Szymczyk,sszymczykmf@skype.com,Mezonos,18,5
809,Salvidor,McCleverty,smcclevertymg@gmpg.org,Doiranis,67,1
810,Nerty,Jeary,njearymh@pbs.org,Kimothois,61,2
811,Lynn,Pieroni,lpieronimi@blinklist.com,Korinthou,76,2
812,Jerrold,Sparhawk,jsparhawkmj@github.io,Kimothois,78,2
813,Johnette,Frigot,jfrigotmk@ibm.com,Messologiou,94,1
814,Shea,Greenslade,sgreenslademl@npr.org,Mezonos,31,3
815,Sile,Greening,sgreeningmm@ning.com,Kilkis,94,1
816,Staci,Redmille,sredmillemn@mail.ru,Kilkis,97,2
817,Sanson,Brunetti,sbrunettimo@army.mil,Kimothois,34,6
818,Darnall,Drillot,ddrillotmp@macromedia.com,Mezonos,61,1
819,Frances,Gubbins,fgubbinsmq@homestead.com,Kilkis,76,6
820,Isobel,Marde,imardemr@sogou.com,Koumanioti,56,1
821,Heda,Stinton,hstintonms@archive.org,Mezonos,56,3
822,Nert,Howatt,nhowattmt@zimbio.com,Ipirou,34,4
823,Karee,Kimbrough,kkimbroughmu@google.cn,Korinthou,67,6
824,Gretchen,D'Alwis,gdalwismv@yelp.com,Ipirou,78,6
825,Lek,Cristofol,lcristofolmw@qq.com,Favierou,23,5
826,Valencia,Tucker,vtuckermx@blogtalkradio.com,Messologiou,94,3
827,Ken,MacKaig,kmackaigmy@tiny.cc,Korinthou,85,1
828,Dal,Doige,ddoigemz@umich.edu,Favierou,31,4
829,Rafaellle,Nalder,rnaldern0@people.com.cn,Kilkis,45,2
830,Annabelle,Ecclesall,aecclesalln1@illinois.edu,Kimothois,85,4
831,Minerva,Boyce,mboycen2@parallels.com,Messologiou,90,6
832,Ernesto,Creenan,ecreenann3@yellowbook.com,Korinthou,9,2
833,Patrizia,Kensy,pkensyn4@sun.com,Koumanioti,43,4
834,Waneta,Braney,wbraneyn5@nymag.com,Doiranis,78,1
835,Coralie,Kynnd,ckynndn6@youtube.com,Korinthou,78,3
836,Willdon,Poltone,wpoltonen7@odnoklassniki.ru,Ipirou,18,1
837,Saunderson,Goulden,sgouldenn8@newyorker.com,Korinthou,76,4
838,Marys,Pester,mpestern9@nytimes.com,Koumanioti,85,5
839,Fayth,Humphery,fhumpheryna@altervista.org,Doiranis,12,5
840,Marmaduke,Gregorin,mgregorinnb@gravatar.com,Korinthou,97,3
841,Burty,Sweetsur,bsweetsurnc@mapy.cz,Aroi,89,6
842,Dodie,Hethron,dhethronnd@nytimes.com,Messologiou,78,5
843,Sterling,Bunclark,sbunclarkne@opensource.org,Aroi,31,4
844,Julius,Readman,jreadmannf@wikia.com,Koumanioti,23,3
845,Adelbert,Jancy,ajancyng@list-manage.com,Messologiou,56,1
846,Farlee,Scandwright,fscandwrightnh@craigslist.org,Koumanioti,97,6
847,Zia,Search,zsearchni@economist.com,Korinthou,52,5
848,Marlowe,Nordass,mnordassnj@qq.com,Korinthou,56,3
849,Bruno,Mansion,bmansionnk@army.mil,Doiranis,45,3
850,Maegan,Bakewell,mbakewellnl@yahoo.co.jp,Kimothois,61,3
851,Fidela,Yegorov,fyegorovnm@tripadvisor.com,Kilkis,97,4
852,Aileen,Gossling,agosslingnn@netlog.com,Mezonos,34,1
853,Cristie,Kingsnod,ckingsnodno@naver.com,Korinthou,43,2
854,Janos,Sampson,jsampsonnp@tumblr.com,Kilkis,94,4
855,Charley,Alvey,calveynq@networkadvertising.org,Kilkis,52,5
856,Jaquenette,Marcos,jmarcosnr@gov.uk,Aroi,64,2
857,Madella,Landsberg,mlandsbergns@gov.uk,Messologiou,89,4
858,Jayson,Shasnan,jshasnannt@shutterfly.com,Kilkis,76,5
859,Yoshi,Risdall,yrisdallnu@w3.org,Korinthou,31,3
860,Winne,Harwood,wharwoodnv@dedecms.com,Kimothois,43,3
861,Jard,Emanueli,jemanuelinw@usgs.gov,Kilkis,67,4
862,Lonee,Clemo,lclemonx@eepurl.com,Korinthou,64,5
863,Gussy,Sharnock,gsharnockny@businesswire.com,Aroi,89,1
864,Meryl,Aspin,maspinnz@intel.com,Aroi,45,6
865,Shannah,Asman,sasmano0@woothemes.com,Favierou,90,1
866,Sibley,Windmill,swindmillo1@networksolutions.com,Korinthou,78,2
867,Keeley,Dwane,kdwaneo2@icio.us,Korinthou,85,6
868,Bald,Figgins,bfigginso3@weather.com,Messologiou,90,2
869,Rudyard,Dwight,rdwighto4@microsoft.com,Mezonos,89,5
870,Alfredo,Roly,arolyo5@time.com,Messologiou,90,4
871,Leela,Walne,lwalneo6@china.com.cn,Mezonos,56,3
872,Lucille,Matskiv,lmatskivo7@usnews.com,Korinthou,67,1
873,Morey,Swires,mswireso8@wunderground.com,Ipirou,85,6
874,Cash,Dashper,cdashpero9@hp.com,Favierou,45,2
875,Josy,MacCart,jmaccartoa@icq.com,Koumanioti,94,2
876,Alfie,Deble,adebleob@constantcontact.com,Doiranis,67,4
877,Virgilio,Eburne,veburneoc@meetup.com,Messologiou,85,1
878,Amara,Sollars,asollarsod@patch.com,Aroi,23,5
879,Chan,Pllu,cplluoe@twitpic.com,Kilkis,67,3
880,Dev,Flett,dflettof@sciencedaily.com,Mezonos,61,2
881,Jacquenetta,Sowley,jsowleyog@spiegel.de,Kimothois,43,1
882,Michaelina,Pescud,mpescudoh@gnu.org,Korinthou,34,6
883,Brittany,Elacoate,belacoateoi@opensource.org,Favierou,18,6
884,Colas,Lissaman,clissamanoj@alexa.com,Mezonos,78,6
885,Nil,Nail,nnailok@sogou.com,Aroi,78,6
886,Duffy,Myrick,dmyrickol@webnode.com,Korinthou,12,2
887,Gayle,Freak,gfreakom@wikipedia.org,Doiranis,56,3
888,Ase,Winfred,awinfredon@constantcontact.com,Aroi,12,6
889,Alvinia,Halladay,ahalladayoo@yolasite.com,Aroi,12,5
890,Wilie,Keenleyside,wkeenleysideop@samsung.com,Favierou,64,1
891,Sloane,Bumpass,sbumpassoq@ning.com,Messologiou,76,1
892,Elwira,Attrey,eattreyor@ehow.com,Messologiou,12,5
893,Wyn,Braizier,wbraizieros@chronoengine.com,Aroi,76,6
894,Sarine,Armiger,sarmigerot@gmpg.org,Favierou,56,3
895,Leonard,Clere,lclereou@apache.org,Favierou,67,4
896,Reine,Grealey,rgrealeyov@squarespace.com,Favierou,9,5
897,Gaylene,Tuffrey,gtuffreyow@example.com,Koumanioti,97,5
898,Borg,Fellows,bfellowsox@usgs.gov,Koumanioti,52,4
899,Burty,Cowherd,bcowherdoy@opensource.org,Kilkis,12,4
900,Rosemarie,Rittmeier,rrittmeieroz@goodreads.com,Favierou,12,5
901,Coop,Ledwitch,cledwitchp0@wikipedia.org,Ipirou,90,3
902,Hedvig,Tomei,htomeip1@free.fr,Favierou,61,2
903,Rabbi,Voss,rvossp2@biblegateway.com,Aroi,34,5
904,Myrtle,Thorald,mthoraldp3@mtv.com,Aroi,61,2
905,Annalee,Wimsett,awimsettp4@reference.com,Kilkis,45,4
906,Darla,Popeley,dpopeleyp5@indiatimes.com,Doiranis,64,5
907,Roxanne,Ebanks,rebanksp6@jimdo.com,Koumanioti,76,2
908,Sampson,Cockren,scockrenp7@sbwire.com,Aroi,18,3
909,Nathanil,Daintith,ndaintithp8@squidoo.com,Messologiou,43,3
910,Perle,Fairbard,pfairbardp9@columbia.edu,Messologiou,78,3
911,Lolly,Whild,lwhildpa@cbc.ca,Kimothois,90,1
912,Vin,Monteath,vmonteathpb@constantcontact.com,Korinthou,94,4
913,Emelen,Hartigan,ehartiganpc@prlog.org,Aroi,78,5
914,Shurlocke,Bernini,sberninipd@ted.com,Korinthou,56,2
915,Joey,Quilkin,jquilkinpe@trellian.com,Messologiou,78,4
916,Cad,Tubbles,ctubblespf@plala.or.jp,Doiranis,64,6
917,Carrie,Danat,cdanatpg@gnu.org,Aroi,61,5
918,Camille,Jarmaine,cjarmaineph@china.com.cn,Koumanioti,64,6
919,Bayard,Devlin,bdevlinpi@feedburner.com,Koumanioti,94,4
920,Sheffie,Vossing,svossingpj@tripadvisor.com,Korinthou,94,6
921,Corrina,Davenhill,cdavenhillpk@cam.ac.uk,Doiranis,94,4
922,Euell,Sunock,esunockpl@delicious.com,Korinthou,67,1
923,Lalo,Kinny,lkinnypm@tinyurl.com,Aroi,94,4
924,Amandi,Preshaw,apreshawpn@gnu.org,Ipirou,43,2
925,Darb,Scad,dscadpo@soup.io,Favierou,76,6
926,Vassily,Perell,vperellpp@i2i.jp,Korinthou,56,3
927,Demetra,Takos,dtakospq@simplemachines.org,Ipirou,97,2
928,Jeffie,Belliard,jbelliardpr@networksolutions.com,Koumanioti,18,4
929,Gilberto,Levinge,glevingeps@oaic.gov.au,Mezonos,56,4
930,Merola,Lidden,mliddenpt@fc2.com,Koumanioti,85,1
931,Liz,Mannion,lmannionpu@yahoo.co.jp,Ipirou,78,3
932,Duff,Baird,dbairdpv@newsvine.com,Aroi,12,3
933,Stevy,Derrington,sderringtonpw@wordpress.org,Messologiou,64,2
934,Lynnell,Tremellan,ltremellanpx@free.fr,Kimothois,61,2
935,Winifield,Postans,wpostanspy@wunderground.com,Kimothois,64,6
936,Erena,Keen,ekeenpz@newsvine.com,Aroi,45,4
937,Leslie,Alderman,laldermanq0@xing.com,Koumanioti,78,5
938,Dominik,Bursnell,dbursnellq1@angelfire.com,Messologiou,94,3
939,Shannon,Ackred,sackredq2@reddit.com,Koumanioti,18,1
940,Yorgo,Coates,ycoatesq3@networkadvertising.org,Messologiou,78,5
941,Ciel,Willeman,cwillemanq4@umn.edu,Favierou,43,3
942,Eugenia,Stiddard,estiddardq5@slashdot.org,Messologiou,67,3
943,Rebe,Folkard,rfolkardq6@china.com.cn,Ipirou,78,2
944,Angy,Frankom,afrankomq7@exblog.jp,Ipirou,18,2
945,Blaine,Shepstone,bshepstoneq8@dyndns.org,Kimothois,89,2
946,Den,Ruste,drusteq9@stanford.edu,Favierou,52,1
947,Olva,Dalloway,odallowayqa@imgur.com,Aroi,90,2
948,Erna,Duplock,eduplockqb@skype.com,Koumanioti,23,5
949,Kirstin,Dairton,kdairtonqc@princeton.edu,Favierou,18,1
950,Ferdinande,Harteley,fharteleyqd@bigcartel.com,Ipirou,18,5
951,Doll,Wellen,dwellenqe@blog.com,Favierou,12,2
952,Roderigo,Godby,rgodbyqf@flavors.me,Doiranis,89,2
953,Sofie,Westwell,swestwellqg@google.com.br,Messologiou,89,1
954,Luciana,Carratt,lcarrattqh@prnewswire.com,Mezonos,45,2
955,Sargent,Axleby,saxlebyqi@usnews.com,Koumanioti,67,3
956,Boy,Peagram,bpeagramqj@gov.uk,Korinthou,9,2
957,Kenn,Lowe,kloweqk@umn.edu,Aroi,23,3
958,Fleurette,Burne,fburneql@feedburner.com,Favierou,45,5
959,Margareta,Howford,mhowfordqm@usda.gov,Kilkis,78,5
960,Marris,Ourtic,mourticqn@gizmodo.com,Koumanioti,94,6
961,Mayne,Onele,moneleqo@examiner.com,Kilkis,67,2
962,Jillane,MacMeekan,jmacmeekanqp@businessinsider.com,Korinthou,34,1
963,Rosabel,Osgood,rosgoodqq@dion.ne.jp,Kilkis,52,2
964,Fraze,Chaloner,fchalonerqr@about.me,Korinthou,56,6
965,Aviva,Drexel,adrexelqs@umich.edu,Favierou,61,5
966,Ange,Switzer,aswitzerqt@msn.com,Kilkis,52,5
967,Cinderella,Rhodes,crhodesqu@ow.ly,Kilkis,97,3
968,Raddie,Medendorp,rmedendorpqv@pinterest.com,Kimothois,56,4
969,Bertrando,Tunny,btunnyqw@europa.eu,Ipirou,18,5
970,Gustaf,O'Reilly,goreillyqx@sina.com.cn,Kimothois,34,3
971,Gail,Bennis,gbennisqy@wordpress.com,Favierou,56,2
972,Cordy,Uphill,cuphillqz@etsy.com,Koumanioti,76,4
973,Sebastiano,Blowen,sblowenr0@cdbaby.com,Kilkis,43,2
974,Ewen,Simone,esimoner1@mlb.com,Korinthou,64,1
975,Jacquie,Basnall,jbasnallr2@technorati.com,Koumanioti,18,2
976,Laurel,Shotboulte,lshotboulter3@addthis.com,Favierou,31,3
977,Carlina,Penkethman,cpenkethmanr4@ustream.tv,Kimothois,52,6
978,Paulie,Gritsunov,pgritsunovr5@myspace.com,Favierou,9,2
979,Marci,Cunniffe,mcunniffer6@opera.com,Ipirou,85,6
980,Emili,Salandino,esalandinor7@about.me,Aroi,90,4
981,Dorene,Keat,dkeatr8@bluehost.com,Favierou,12,5
982,Harper,Hartopp,hhartoppr9@phpbb.com,Doiranis,97,4
983,Eldridge,de Almeida,edealmeidara@bizjournals.com,Kilkis,23,4
984,Valentina,Wedgwood,vwedgwoodrb@washington.edu,Kilkis,56,2
985,Humphrey,Kincey,hkinceyrc@prnewswire.com,Korinthou,34,5
986,Benoite,Tallis,btallisrd@bloglovin.com,Korinthou,34,5
987,Quinlan,Melmoth,qmelmothre@opensource.org,Kimothois,67,2
988,Job,Chippindale,jchippindalerf@soundcloud.com,Ipirou,56,3
989,Filia,MacMarcuis,fmacmarcuisrg@live.com,Messologiou,67,1
990,Karim,Cuniam,kcuniamrh@wp.com,Aroi,52,2
991,Gerry,de Bullion,gdebullionri@storify.com,Messologiou,89,2
992,Ettie,Manilo,emanilorj@canalblog.com,Kilkis,31,6
993,Ellwood,Toulamain,etoulamainrk@aol.com,Messologiou,45,3
994,Adena,Brightie,abrightierl@scientificamerican.com,Messologiou,64,2
995,Adara,Rylatt,arylattrm@nps.gov,Doiranis,76,5
996,Hugo,Nesbit,hnesbitrn@opensource.org,Kimothois,76,3
997,Rani,Kayne,rkaynero@bandcamp.com,Kilkis,64,3
998,Dalia,Driscoll,ddriscollrp@cdbaby.com,Aroi,23,2
999,Candra,Fawloe,cfawloerq@tmall.com,Koumanioti,9,4
1000,Reynard,Duddy,rduddyrr@shutterfly.com,Kimothois,61,4
